Nome,Sobrenome,Idade,Cidade,Valor,Vencimento
Ana,Silva,28,São Paulo,1000,2024-09-01
Carlos,Oliveira,34,Rio de Janeiro,1500,2024-09-02
Beatriz,Santos,22,Belo Horizonte,2000,2024-09-03
David,Costa,45,Porto Alegre,2500,2024-09-04
Elisa,Ferreira,30,Curitiba,3000,2024-09-05
Fernanda,Pereira,32,Recife,3500,2024-08-06
Gabriel,Martins,29,Salvador,4000,2024-08-07
Helena,Rocha,27,Fortaleza,4500,2024-08-08
Isabela,Lima,31,Brasília,5000,2024-08-09
João,Alves,36,Florianópolis,5500,2024-08-10
Lucas,Carvalho,25,Manaus,6000,2024-08-11
Mariana,Ribeiro,33,Vitória,6500,2024-08-12
Nicolas,Mendes,28,Goiânia,7000,2024-08-13
Olivia,Souza,40,Campo Grande,7500,2024-08-14
Pedro,Cunha,37,Maceió,8000,2024-08-15
Quintino,Silveira,42,João Pessoa,8500,2024-08-16
Renata,Barros,26,Aracaju,9000,2024-08-17
Sérgio,Moraes,38,Palmas,9500,2024-08-18
Tatiana,Teixeira,35,Teresina,10000,2024-08-19
Ursula,Moreira,27,Macapá,10500,2024-08-20
Victor,Cardoso,43,Boa Vista,11000,2024-08-21
Wagner,Neves,39,Belém,11500,2024-08-22
Xavier,Miranda,24,Natal,12000,2024-08-23
Yasmin,Castro,33,Rio Branco,12500,2024-08-24
Zuleica,Azevedo,29,Porto Velho,13000,2024-08-25
Adriana,Silva,44,São Luís,13500,2024-07-26
Bruno,Oliveira,30,Rio de Janeiro,14000,2024-07-27
Carolina,Santos,23,Belo Horizonte,14500,2024-07-28
Daniel,Costa,41,Porto Alegre,15000,2024-07-29
Eduarda,Ferreira,28,Curitiba,15500,2024-07-30
Felipe,Pereira,36,Recife,16000,2024-07-31
Giovana,Martins,34,Salvador,16500,2024-07-01
Henrique,Rocha,29,Fortaleza,17000,2024-07-02
Isabela,Lima,31,Brasília,17500,2024-07-03
João,Alves,36,Florianópolis,18000,2024-07-04
Larissa,Carvalho,25,Manaus,18500,2024-07-05
Marcelo,Ribeiro,38,Vitória,19000,2024-07-06
Natália,Mendes,32,Goiânia,19500,2024-07-07
Otávio,Souza,29,Campo Grande,20000,2024-07-08
Priscila,Cunha,30,Maceió,20500,2024-07-09
Rafael,Silveira,41,João Pessoa,21000,2024-07-10
Sophia,Barros,27,Aracaju,21500,2024-07-11
Tiago,Moraes,35,Palmas,22000,2024-07-12
Vanessa,Teixeira,31,Teresina,22500,2024-07-13
Wallace,Moreira,28,Macapá,23000,2024-07-14
Xenia,Cardoso,33,Boa Vista,23500,2024-07-15
Yuri,Neves,34,Belém,24000,2024-07-16
Zilda,Miranda,39,Natal,24500,2024-07-17
André,Castro,42,Rio Branco,25000,2024-07-18
Bianca,Azevedo,40,Porto Velho,25500,2024-07-19
Carlos,Silva,26,São Luís,26000,2024-07-20
Débora,Oliveira,37,Rio de Janeiro,26500,2024-07-21
Eduardo,Santos,32,Belo Horizonte,27000,2024-07-22
Fernanda,Costa,39,Porto Alegre,27500,2024-07-23
Gustavo,Ferreira,29,Curitiba,28000,2024-07-24
